empresa,status_hoje,criado,valor,grupo,chave_match,kommo_lead_match,destino_proposto,motivo_perda,escreve,observacao
"Grupo GPSs",follow_longo,2026-06-25,47400,ainda no funil Closer,"(já vinculado)",24320783,FILA MANUAL,"",sim,"gravar lead_id e espelhar etapa do Kommo"
"Etudio Blue Monkey",follow_longo,2026-04-27,72000,outro pipeline,"(já vinculado)",22730475,perdido,"devolvido a outro pipeline: Outbound Disparo",sim,"gravar lead_id e espelhar etapa do Kommo"
"Escola Progressiva",follow_longo,2026-06-25,44952,outro pipeline,"(já vinculado)",24315865,perdido,"devolvido a outro pipeline: Pre Vendas",sim,"gravar lead_id e espelhar etapa do Kommo"
"Distrimax",negociacao,2026-05-13,40000,outro pipeline,"(já vinculado)",23266735,perdido,"devolvido a outro pipeline: Pre Vendas",sim,"gravar lead_id e espelhar etapa do Kommo"
"YouWe",follow_longo,2026-05-19,33500,outro pipeline,"(já vinculado)",23231205,perdido,"devolvido a outro pipeline: Pre Vendas",sim,"gravar lead_id e espelhar etapa do Kommo"
"Rodofort",follow_longo,2026-06-10,32500,outro pipeline,"(já vinculado)",24070417,perdido,"devolvido a outro pipeline: Pre Vendas",sim,"gravar lead_id e espelhar etapa do Kommo"
"Formiga",follow_longo,2025-05-30,30000,outro pipeline,"(já vinculado)",10170474,perdido,"devolvido a outro pipeline: Nutrição",nao,"FILA MANUAL — casou só por nome, confirmar antes de gravar"
"Casablanca Restaurante-",follow_longo,2026-04-29,30000,outro pipeline,"(já vinculado)",22579103,perdido,"devolvido a outro pipeline: Pre Vendas",sim,"gravar lead_id e espelhar etapa do Kommo"
"Otteg incorporadora",negociacao,2026-06-22,30000,outro pipeline,"(já vinculado)",24266825,perdido,"devolvido a outro pipeline: Pre Vendas",sim,"gravar lead_id e espelhar etapa do Kommo"
"Sp solução para cadastro",negociacao,2026-06-01,30000,outro pipeline,"(já vinculado)",23863941,perdido,"devolvido a outro pipeline: Pre Vendas",sim,"gravar lead_id e espelhar etapa do Kommo"
"Svizzero Alves - Raphy",follow_longo,2026-04-13,28191,outro pipeline,"(já vinculado)",22677835,perdido,"devolvido a outro pipeline: Outbound Disparo",sim,"gravar lead_id e espelhar etapa do Kommo"
"Orlando Magic Burger-",negociacao,2026-05-13,26100,outro pipeline,"(já vinculado)",22579107,perdido,"devolvido a outro pipeline: Nutrição",sim,"gravar lead_id e espelhar etapa do Kommo"
"RGOL CLINICA DE FISIOTERAPIA",follow_longo,2026-04-14,25800,outro pipeline,"(já vinculado)",22731871,perdido,"devolvido a outro pipeline: Pre Vendas",sim,"gravar lead_id e espelhar etapa do Kommo"
"Microzero",follow_longo,2025-06-06,25000,outro pipeline,"(já vinculado)",12159804,perdido,"devolvido a outro pipeline: Nutrição",nao,"FILA MANUAL — casou só por nome, confirmar antes de gravar"
"Scatt Bikes",follow_longo,2025-06-05,25000,outro pipeline,"(já vinculado)",9209578,perdido,"devolvido a outro pipeline: Outbound Disparo",nao,"FILA MANUAL — casou só por nome, confirmar antes de gravar"
"Consult Telecom",follow_longo,2026-05-26,24000,outro pipeline,"(já vinculado)",23716547,perdido,"devolvido a outro pipeline: Pre Vendas",sim,"gravar lead_id e espelhar etapa do Kommo"
"ARENA FIT",follow_longo,2026-05-27,24000,outro pipeline,"(já vinculado)",23752403,perdido,"devolvido a outro pipeline: Pre Vendas",sim,"gravar lead_id e espelhar etapa do Kommo"
"New aquecedores",follow_longo,2026-04-08,21300,outro pipeline,"(já vinculado)",22547020,perdido,"devolvido a outro pipeline: Pre Vendas",nao,"FILA MANUAL — casou só por nome, confirmar antes de gravar"
"Lilás comércio Ltda",follow_longo,2026-05-08,20189,outro pipeline,"(já vinculado)",23266275,perdido,"devolvido a outro pipeline: Pre Vendas",sim,"gravar lead_id e espelhar etapa do Kommo"
"Farmacia do povo",follow_longo,2026-04-08,18900,outro pipeline,"(já vinculado)",22523453,perdido,"devolvido a outro pipeline: Nutrição",sim,"gravar lead_id e espelhar etapa do Kommo"
"Laboratório de Análises Clínicas Bioanálises",follow_longo,2026-06-03,18400,outro pipeline,"(já vinculado)",23892955,perdido,"devolvido a outro pipeline: Pre Vendas",sim,"gravar lead_id e espelhar etapa do Kommo"
"Cristamar",follow_longo,2025-05-09,18000,outro pipeline,"(já vinculado)",7236840,perdido,"devolvido a outro pipeline: Nutrição",nao,"FILA MANUAL — casou só por nome, confirmar antes de gravar"
"SOS ANIMAIS CLÍNICA VETERINÁRIA",negociacao,2026-05-28,18000,outro pipeline,"(já vinculado)",23392585,perdido,"devolvido a outro pipeline: Nutrição",sim,"gravar lead_id e espelhar etapa do Kommo"
"Perícia MG",follow_longo,2026-04-29,17984,outro pipeline,"(já vinculado)",23025303,perdido,"devolvido a outro pipeline: Pre Vendas",sim,"gravar lead_id e espelhar etapa do Kommo"
"MACHADO CONTABILIDADE",follow_longo,2025-05-14,17000,outro pipeline,"(já vinculado)",8364390,perdido,"devolvido a outro pipeline: Outbound Disparo",nao,"FILA MANUAL — casou só por nome, confirmar antes de gravar"
"RPFIT",follow_longo,2026-05-20,16580,outro pipeline,"(já vinculado)",23535565,perdido,"devolvido a outro pipeline: Pre Vendas",sim,"gravar lead_id e espelhar etapa do Kommo"
"Engeed",follow_longo,2025-05-15,15000,outro pipeline,"(já vinculado)",7235950,perdido,"devolvido a outro pipeline: Nutrição",nao,"FILA MANUAL — casou só por nome, confirmar antes de gravar"
"Patricia regina Academy",follow_longo,2026-04-14,14000,outro pipeline,"(já vinculado)",22579595,perdido,"devolvido a outro pipeline: Pre Vendas",sim,"gravar lead_id e espelhar etapa do Kommo"
"Prodibel",follow_longo,2025-05-07,12000,outro pipeline,"(já vinculado)",7236884,perdido,"devolvido a outro pipeline: Pre Vendas",nao,"FILA MANUAL — casou só por nome, confirmar antes de gravar"
"Materlux",follow_longo,2025-02-06,12000,outro pipeline,"(já vinculado)",7234598,perdido,"devolvido a outro pipeline: Nutrição",nao,"FILA MANUAL — casou só por nome, confirmar antes de gravar"
"Portões e Cia",follow_longo,2026-06-23,11760,outro pipeline,"(já vinculado)",23924343,perdido,"devolvido a outro pipeline: Pre Vendas",sim,"gravar lead_id e espelhar etapa do Kommo"
"Desec Security",follow_longo,2024-11-14,11000,outro pipeline,"(já vinculado)",7236228,perdido,"devolvido a outro pipeline: Nutrição",nao,"FILA MANUAL — casou só por nome, confirmar antes de gravar"
"Stemmi",follow_longo,2024-09-19,9000,outro pipeline,"(já vinculado)",7236170,perdido,"devolvido a outro pipeline: Pre Vendas",nao,"FILA MANUAL — casou só por nome, confirmar antes de gravar"
"Moto Fácil",follow_longo,2026-06-15,8000,outro pipeline,"(já vinculado)",24028271,perdido,"devolvido a outro pipeline: Nutrição",sim,"gravar lead_id e espelhar etapa do Kommo"
"Heilen Pharma",follow_longo,2025-03-25,7500,outro pipeline,"(já vinculado)",7810378,perdido,"devolvido a outro pipeline: Outbound Disparo",nao,"FILA MANUAL — casou só por nome, confirmar antes de gravar"
"Local Flexx",follow_longo,2024-11-22,6840,outro pipeline,"(já vinculado)",7234578,perdido,"devolvido a outro pipeline: Pre Vendas",nao,"FILA MANUAL — casou só por nome, confirmar antes de gravar"
"Vibra Fios e Cabos",follow_longo,2025-05-09,6500,outro pipeline,"(já vinculado)",7527388,perdido,"devolvido a outro pipeline: Outbound Disparo",nao,"FILA MANUAL — casou só por nome, confirmar antes de gravar"
"FORMIGHIERI & CIA LTDA",negociacao,2026-06-25,6000,outro pipeline,"(já vinculado)",7231574,perdido,"devolvido a outro pipeline: Pre Vendas",sim,"gravar lead_id e espelhar etapa do Kommo"
"Vilmar rodas",follow_longo,2026-04-13,5500,outro pipeline,"(já vinculado)",22678099,perdido,"devolvido a outro pipeline: Pre Vendas",sim,"gravar lead_id e espelhar etapa do Kommo"
"Gamatec",follow_longo,2026-05-13,5500,outro pipeline,"(já vinculado)",23375863,perdido,"devolvido a outro pipeline: Pre Vendas",sim,"gravar lead_id e espelhar etapa do Kommo"
"Gilmaq",follow_longo,2024-09-17,5274,outro pipeline,"(já vinculado)",7235616,perdido,"devolvido a outro pipeline: Nutrição",nao,"FILA MANUAL — casou só por nome, confirmar antes de gravar"
"Kestal",follow_longo,2024-12-02,5000,outro pipeline,"(já vinculado)",7236732,perdido,"devolvido a outro pipeline: Nutrição",nao,"FILA MANUAL — casou só por nome, confirmar antes de gravar"
"Denk moveis",follow_longo,2025-04-02,4800,outro pipeline,"(já vinculado)",7235318,perdido,"devolvido a outro pipeline: Outbound Disparo",nao,"FILA MANUAL — casou só por nome, confirmar antes de gravar"
"Mapa Group",follow_longo,2025-04-16,4500,outro pipeline,"(já vinculado)",7235838,perdido,"devolvido a outro pipeline: Outbound Disparo",nao,"FILA MANUAL — casou só por nome, confirmar antes de gravar"
"GAM",follow_longo,2025-04-17,4500,outro pipeline,"(já vinculado)",7235868,perdido,"devolvido a outro pipeline: Nutrição",nao,"FILA MANUAL — casou só por nome, confirmar antes de gravar"
"JIB RENTAL",follow_longo,2026-06-19,4000,outro pipeline,"(já vinculado)",24227265,perdido,"devolvido a outro pipeline: Pre Vendas",sim,"gravar lead_id e espelhar etapa do Kommo"
"Drex Cred",follow_longo,2026-06-02,4000,outro pipeline,"(já vinculado)",23894377,perdido,"devolvido a outro pipeline: Nutrição",sim,"gravar lead_id e espelhar etapa do Kommo"
"Videosoft Soluções em Autoatendimento",follow_longo,2026-05-22,3500,outro pipeline,"(já vinculado)",23374091,perdido,"devolvido a outro pipeline: Pre Vendas",sim,"gravar lead_id e espelhar etapa do Kommo"
"UniCesumar",follow_longo,2026-05-14,0,outro pipeline,"(já vinculado)",23394063,perdido,"devolvido a outro pipeline: Nutrição",sim,"gravar lead_id e espelhar etapa do Kommo"
"Mega piso industrial",follow_longo,2026-06-15,0,outro pipeline,"(já vinculado)",23782143,perdido,"devolvido a outro pipeline: Pre Vendas",sim,"gravar lead_id e espelhar etapa do Kommo"
"Allp Fit Academia",negociacao,2026-05-19,0,outro pipeline,"(já vinculado)",23266177,perdido,"devolvido a outro pipeline: Pre Vendas",sim,"gravar lead_id e espelhar etapa do Kommo"
"Urban Market",follow_longo,2026-05-27,0,outro pipeline,"(já vinculado)",23253067,perdido,"devolvido a outro pipeline: Pre Vendas",sim,"gravar lead_id e espelhar etapa do Kommo"
"Egtech Soluções Em Telecomunicações",follow_longo,2026-06-24,0,outro pipeline,"(já vinculado)",23924355,perdido,"devolvido a outro pipeline: Pre Vendas",sim,"gravar lead_id e espelhar etapa do Kommo"
"Della & Delle",negociacao,2026-07-02,0,outro pipeline,"(já vinculado)",24403321,perdido,"devolvido a outro pipeline: Pre Vendas",sim,"gravar lead_id e espelhar etapa do Kommo"
"Mimar lingerie",negociacao,2026-06-08,0,outro pipeline,"(já vinculado)",23973049,perdido,"devolvido a outro pipeline: Pre Vendas",sim,"gravar lead_id e espelhar etapa do Kommo"
"BWA Global",follow_longo,2025-05-28,0,outro pipeline,"(já vinculado)",9725230,perdido,"devolvido a outro pipeline: Pre Vendas",nao,"FILA MANUAL — casou só por nome, confirmar antes de gravar"
"Grupo requinte",negociacao,2026-07-21,0,outro pipeline,"(já vinculado)",24696837,perdido,"devolvido a outro pipeline: Pre Vendas",sim,"gravar lead_id e espelhar etapa do Kommo"
"Thg logogistica comercio e repsentacoes e srmszan",follow_longo,2026-04-28,0,outro pipeline,"(já vinculado)",22523271,perdido,"devolvido a outro pipeline: Outbound Disparo",sim,"gravar lead_id e espelhar etapa do Kommo"
"Kaza",follow_longo,2025-07-10,60000,sem lead no Kommo,"sem match",,perdido,"sem vínculo",sim,""
"Baraozinho",negociacao,2026-07-16,60000,sem lead no Kommo,"telefone (forte)",21693625,alta_prioridade,"",sim,"gravar lead_id e espelhar etapa do Kommo"
"ATS System",follow_longo,2026-03-23,51233,sem lead no Kommo,"sem match",,perdido,"sem vínculo",sim,""
"Escave Engenharia",follow_longo,2026-02-18,49800,sem lead no Kommo,"nome empresa (FRACO)",20365312,FILA MANUAL,"",nao,"FILA MANUAL — casou só por nome, confirmar antes de gravar"
"Biothak Biotecnologia Ltda",follow_longo,2026-03-06,49200,sem lead no Kommo,"nome empresa (FRACO)",21337295,FILA MANUAL,"",nao,"FILA MANUAL — casou só por nome, confirmar antes de gravar"
"Sun Chemical ",follow_longo,2026-03-12,46040,sem lead no Kommo,"nome empresa (FRACO)",21703139,FILA MANUAL,"",nao,"FILA MANUAL — casou só por nome, confirmar antes de gravar"
"Ideal Iluminação",follow_longo,2026-01-20,41500,sem lead no Kommo,"nome empresa (FRACO)",20226814,FILA MANUAL,"",nao,"FILA MANUAL — casou só por nome, confirmar antes de gravar"
"Clinica do Olhar",negociacao,2026-07-24,39600,sem lead no Kommo,"telefone (forte)",24809887,alta_prioridade,"",sim,"gravar lead_id e espelhar etapa do Kommo"
"Eurolatte",follow_longo,2026-02-03,38000,sem lead no Kommo,"nome empresa (FRACO)",20654398,FILA MANUAL,"",nao,"FILA MANUAL — casou só por nome, confirmar antes de gravar"
"Principia",follow_longo,2025-08-04,35500,sem lead no Kommo,"nome empresa (FRACO)",14352370,FILA MANUAL,"",nao,"FILA MANUAL — casou só por nome, confirmar antes de gravar"
"Drogaria Diferente",follow_longo,2026-03-30,35418,sem lead no Kommo,"sem match",,perdido,"sem vínculo",sim,""
"Hortron",follow_longo,2025-08-27,34700,sem lead no Kommo,"nome empresa (FRACO)",15141504,FILA MANUAL,"",nao,"FILA MANUAL — casou só por nome, confirmar antes de gravar"
"Zaplub",follow_longo,2026-02-24,34000,sem lead no Kommo,"sem match",,perdido,"sem vínculo",sim,""
"GAM",follow_longo,2026-02-20,34000,sem lead no Kommo,"nome empresa (FRACO)",7235868,FILA MANUAL,"",nao,"FILA MANUAL — casou só por nome, confirmar antes de gravar"
"Grand Ocean Boats",negociacao,2026-01-23,33092,sem lead no Kommo,"nome empresa (FRACO)",19784197,FILA MANUAL,"",nao,"FILA MANUAL — casou só por nome, confirmar antes de gravar"
"Clinica Maira Scapolan",negociacao,2025-12-10,32424,sem lead no Kommo,"nome empresa (FRACO)",18405796,FILA MANUAL,"",nao,"FILA MANUAL — casou só por nome, confirmar antes de gravar"
"Luffe industrial de CARREGADORES de baterias",negociacao,2026-01-16,32118,sem lead no Kommo,"nome empresa (FRACO)",19780431,FILA MANUAL,"",nao,"FILA MANUAL — casou só por nome, confirmar antes de gravar"
"Eaê Brasil",negociacao,2026-02-03,32057,sem lead no Kommo,"nome empresa (FRACO)",20845246,FILA MANUAL,"",nao,"FILA MANUAL — casou só por nome, confirmar antes de gravar"
"Abso Contabilidade",follow_longo,2026-01-13,31662,sem lead no Kommo,"sem match",,perdido,"sem vínculo",sim,""
"Excellence Transportes e Logística",follow_longo,2025-08-22,31200,sem lead no Kommo,"nome empresa (FRACO)",15141444,FILA MANUAL,"",nao,"FILA MANUAL — casou só por nome, confirmar antes de gravar"
"Lumina",follow_longo,2026-03-16,30000,sem lead no Kommo,"sem match",,perdido,"sem vínculo",sim,""
"Mobicom",follow_longo,2026-03-23,29800,sem lead no Kommo,"nome empresa (FRACO)",22218878,FILA MANUAL,"",nao,"FILA MANUAL — casou só por nome, confirmar antes de gravar"
"Biotec",negociacao,2025-09-23,29500,sem lead no Kommo,"sem match",,perdido,"sem vínculo",sim,""
"Durak",follow_longo,2025-12-15,27735,sem lead no Kommo,"nome empresa (FRACO)",18889378,FILA MANUAL,"",nao,"FILA MANUAL — casou só por nome, confirmar antes de gravar"
"Profil",follow_longo,2025-12-22,27735,sem lead no Kommo,"nome empresa (FRACO)",18182988,FILA MANUAL,"",nao,"FILA MANUAL — casou só por nome, confirmar antes de gravar"
"Concept House esquadrias de pvc",follow_longo,2026-01-16,27735,sem lead no Kommo,"nome empresa (FRACO)",18405722,FILA MANUAL,"",nao,"FILA MANUAL — casou só por nome, confirmar antes de gravar"
"Meppel Distribuidora",negociacao,2025-12-02,27735,sem lead no Kommo,"sem match",,perdido,"sem vínculo",sim,""
"Diproseg",follow_longo,2025-12-04,27735,sem lead no Kommo,"sem match",,perdido,"sem vínculo",sim,""
"Maranhão Atacadista",follow_longo,2025-12-12,27735,sem lead no Kommo,"sem match",,perdido,"sem vínculo",sim,""
"Eliel Figueiredo diagnósticos",negociacao,2026-01-21,27735,sem lead no Kommo,"nome empresa (FRACO)",19915071,FILA MANUAL,"",nao,"FILA MANUAL — casou só por nome, confirmar antes de gravar"
"Mg Cinto",negociacao,2026-02-10,27050,sem lead no Kommo,"nome empresa (FRACO)",20517450,FILA MANUAL,"",nao,"FILA MANUAL — casou só por nome, confirmar antes de gravar"
"Grupo Baterias.SP",follow_longo,2026-01-20,26095,sem lead no Kommo,"nome empresa (FRACO)",18405636,FILA MANUAL,"",nao,"FILA MANUAL — casou só por nome, confirmar antes de gravar"
"Escola Blue Star",follow_longo,2026-03-16,25290,sem lead no Kommo,"sem match",,perdido,"sem vínculo",sim,""
"Transmisservice",negociacao,2025-11-13,25000,sem lead no Kommo,"sem match",,perdido,"sem vínculo",sim,""
"Skyfit",follow_longo,2026-05-19,25000,sem lead no Kommo,"telefone (forte)",22080061,FILA MANUAL,"",sim,"gravar lead_id e espelhar etapa do Kommo"
"Seu Boné",follow_longo,2025-04-03,25000,sem lead no Kommo,"sem match",,perdido,"sem vínculo",sim,""
"Aisphere",follow_longo,2025-03-07,25000,sem lead no Kommo,"sem match",,perdido,"sem vínculo",sim,""
"Rede Nacional Oticas",follow_longo,2026-01-27,25000,sem lead no Kommo,"nome empresa (FRACO)",7233498,FILA MANUAL,"",nao,"FILA MANUAL — casou só por nome, confirmar antes de gravar"
"DAITAN",follow_longo,2025-03-17,25000,sem lead no Kommo,"sem match",,perdido,"sem vínculo",sim,""
"Rei dos Motores",negociacao,2025-11-11,25000,sem lead no Kommo,"nome empresa (FRACO)",17814730,FILA MANUAL,"",nao,"FILA MANUAL — casou só por nome, confirmar antes de gravar"
"Yamá",follow_longo,2025-07-22,25000,sem lead no Kommo,"sem match",,perdido,"sem vínculo",sim,""
"Forbal",negociacao,2026-01-14,24500,sem lead no Kommo,"nome empresa (FRACO)",19985499,FILA MANUAL,"",nao,"FILA MANUAL — casou só por nome, confirmar antes de gravar"
"Henneberg - Industria",follow_longo,2025-12-03,24068,sem lead no Kommo,"nome empresa (FRACO)",18662854,FILA MANUAL,"",nao,"FILA MANUAL — casou só por nome, confirmar antes de gravar"
"Audens Edu",follow_longo,2026-02-26,23500,sem lead no Kommo,"nome empresa (FRACO)",21348139,FILA MANUAL,"",nao,"FILA MANUAL — casou só por nome, confirmar antes de gravar"
"Ecomov",negociacao,2025-11-11,23357,sem lead no Kommo,"nome empresa (FRACO)",7234280,FILA MANUAL,"",nao,"FILA MANUAL — casou só por nome, confirmar antes de gravar"
"Hosptel",follow_longo,2025-09-26,23000,sem lead no Kommo,"nome empresa (FRACO)",16348394,FILA MANUAL,"",nao,"FILA MANUAL — casou só por nome, confirmar antes de gravar"
"Syndex",follow_longo,2025-08-15,23000,sem lead no Kommo,"nome empresa (FRACO)",7234874,FILA MANUAL,"",nao,"FILA MANUAL — casou só por nome, confirmar antes de gravar"
"Copiadora Exata",negociacao,2025-11-12,23000,sem lead no Kommo,"nome empresa (FRACO)",17833424,FILA MANUAL,"",nao,"FILA MANUAL — casou só por nome, confirmar antes de gravar"
"Açougue WF",negociacao,2026-01-14,22600,sem lead no Kommo,"nome empresa (FRACO)",19987209,FILA MANUAL,"",nao,"FILA MANUAL — casou só por nome, confirmar antes de gravar"
"Casa mix",negociacao,2026-02-20,22500,sem lead no Kommo,"sem match",,perdido,"sem vínculo",sim,""
"Izauto auto peças",follow_longo,2025-12-17,22189,sem lead no Kommo,"nome empresa (FRACO)",18889408,FILA MANUAL,"",nao,"FILA MANUAL — casou só por nome, confirmar antes de gravar"
"Autovex",negociacao,2025-08-13,22000,sem lead no Kommo,"nome empresa (FRACO)",14821490,FILA MANUAL,"",nao,"FILA MANUAL — casou só por nome, confirmar antes de gravar"
"Way Design",follow_longo,2026-03-19,21200,sem lead no Kommo,"nome empresa (FRACO)",22091101,FILA MANUAL,"",nao,"FILA MANUAL — casou só por nome, confirmar antes de gravar"
"Divexa Equipamentos",follow_longo,2025-12-03,21139,sem lead no Kommo,"nome empresa (FRACO)",18694052,FILA MANUAL,"",nao,"FILA MANUAL — casou só por nome, confirmar antes de gravar"
"Ecoboxes",negociacao,2025-10-24,20000,sem lead no Kommo,"sem match",,perdido,"sem vínculo",sim,""
"Marcos Autopeças",follow_longo,2026-04-17,19700,sem lead no Kommo,"nome empresa (FRACO)",22266087,FILA MANUAL,"",nao,"FILA MANUAL — casou só por nome, confirmar antes de gravar"
"Kimassa",negociacao,2025-10-31,19500,sem lead no Kommo,"nome empresa (FRACO)",17587922,FILA MANUAL,"",nao,"FILA MANUAL — casou só por nome, confirmar antes de gravar"
"Plaschem",follow_longo,2025-07-21,19500,sem lead no Kommo,"sem match",,perdido,"sem vínculo",sim,""
"Peca pra ja auto peças",follow_longo,2026-01-12,19397,sem lead no Kommo,"nome empresa (FRACO)",19900713,FILA MANUAL,"",nao,"FILA MANUAL — casou só por nome, confirmar antes de gravar"
"Sottiles",follow_longo,2026-02-19,19093,sem lead no Kommo,"sem match",,perdido,"sem vínculo",sim,""
"Votoplast",negociacao,2025-09-10,18000,sem lead no Kommo,"nome empresa (FRACO)",15783004,FILA MANUAL,"",nao,"FILA MANUAL — casou só por nome, confirmar antes de gravar"
"Maxx Gesso",follow_longo,2026-05-07,18000,sem lead no Kommo,"telefone (forte)",21703073,FILA MANUAL,"",sim,"gravar lead_id e espelhar etapa do Kommo"
"Plano Projetos",follow_longo,2026-06-29,18000,sem lead no Kommo,"nome empresa (FRACO)",24356465,FILA MANUAL,"",nao,"FILA MANUAL — casou só por nome, confirmar antes de gravar"
"Manit show",follow_longo,2026-01-16,18000,sem lead no Kommo,"sem match",,perdido,"sem vínculo",sim,""
"Posse do corpo",follow_longo,2025-12-01,18000,sem lead no Kommo,"nome empresa (FRACO)",7229680,FILA MANUAL,"",nao,"FILA MANUAL — casou só por nome, confirmar antes de gravar"
"HidroJet",negociacao,2025-11-03,18000,sem lead no Kommo,"nome empresa (FRACO)",17273804,FILA MANUAL,"",nao,"FILA MANUAL — casou só por nome, confirmar antes de gravar"
"MTR7",follow_longo,2025-11-03,18000,sem lead no Kommo,"nome empresa (FRACO)",17619424,FILA MANUAL,"",nao,"FILA MANUAL — casou só por nome, confirmar antes de gravar"
"Apriori Imoveis",follow_longo,2025-10-17,18000,sem lead no Kommo,"nome empresa (FRACO)",16961744,FILA MANUAL,"",nao,"FILA MANUAL — casou só por nome, confirmar antes de gravar"
"Mega Vale Leiloes",follow_longo,2025-06-09,18000,sem lead no Kommo,"sem match",,perdido,"sem vínculo",sim,""
"Keke Empreendimentos",follow_longo,2025-08-21,17964,sem lead no Kommo,"sem match",,perdido,"sem vínculo",sim,""
"BCN Global",negociacao,2025-11-11,17700,sem lead no Kommo,"nome empresa (FRACO)",17964830,FILA MANUAL,"",nao,"FILA MANUAL — casou só por nome, confirmar antes de gravar"
"Kidelicia",follow_longo,2025-06-17,17000,sem lead no Kommo,"nome empresa (FRACO)",7236746,FILA MANUAL,"",nao,"FILA MANUAL — casou só por nome, confirmar antes de gravar"
"Universo EPIs",negociacao,2025-11-12,17000,sem lead no Kommo,"nome empresa (FRACO)",17968978,FILA MANUAL,"",nao,"FILA MANUAL — casou só por nome, confirmar antes de gravar"
"Provale",negociacao,2026-01-21,16500,sem lead no Kommo,"nome empresa (FRACO)",8108494,FILA MANUAL,"",nao,"FILA MANUAL — casou só por nome, confirmar antes de gravar"
"Marv",negociacao,2025-09-24,16500,sem lead no Kommo,"sem match",,perdido,"sem vínculo",sim,""
"X Gold",follow_longo,2026-02-09,16337,sem lead no Kommo,"nome empresa (FRACO)",7233702,FILA MANUAL,"",nao,"FILA MANUAL — casou só por nome, confirmar antes de gravar"
"Provale",follow_longo,2024-10-28,16000,sem lead no Kommo,"nome empresa (FRACO)",8108494,FILA MANUAL,"",nao,"FILA MANUAL — casou só por nome, confirmar antes de gravar"
"Viva Construções",follow_longo,2024-09-13,16000,sem lead no Kommo,"sem match",,perdido,"sem vínculo",sim,""
"Molyplast",follow_longo,2025-09-04,16000,sem lead no Kommo,"nome empresa (FRACO)",15672208,FILA MANUAL,"",nao,"FILA MANUAL — casou só por nome, confirmar antes de gravar"
"Molyplast",follow_longo,2025-10-28,15500,sem lead no Kommo,"nome empresa (FRACO)",15672208,FILA MANUAL,"",nao,"FILA MANUAL — casou só por nome, confirmar antes de gravar"
"FA Urbanizadora",negociacao,2026-04-16,15184,sem lead no Kommo,"cnpj (forte)",22757723,FILA MANUAL,"",sim,"gravar lead_id e espelhar etapa do Kommo"
"Sittec",follow_longo,2026-02-19,15174,sem lead no Kommo,"nome empresa (FRACO)",14037930,FILA MANUAL,"",nao,"FILA MANUAL — casou só por nome, confirmar antes de gravar"
"Só Pesados",follow_longo,2025-10-01,15000,sem lead no Kommo,"sem match",,perdido,"sem vínculo",sim,""
"Elmo Engenharia",follow_longo,2025-05-12,15000,sem lead no Kommo,"sem match",,perdido,"sem vínculo",sim,""
"Vecosul",follow_longo,2025-07-18,15000,sem lead no Kommo,"sem match",,perdido,"sem vínculo",sim,""
"O Contador do Investidor LTDA",negociacao,2026-06-22,15000,sem lead no Kommo,"sem match",,perdido,"sem vínculo",sim,""
"High Color Pinturas Especiais Ltda",negociacao,2025-10-23,15000,sem lead no Kommo,"sem match",,perdido,"sem vínculo",sim,""
"Vemplast",follow_longo,2026-01-27,14000,sem lead no Kommo,"nome empresa (FRACO)",20507412,FILA MANUAL,"",nao,"FILA MANUAL — casou só por nome, confirmar antes de gravar"
"Synergy Impex",follow_longo,2025-11-14,14000,sem lead no Kommo,"nome empresa (FRACO)",16575490,FILA MANUAL,"",nao,"FILA MANUAL — casou só por nome, confirmar antes de gravar"
"Casas & Casas",follow_longo,2025-11-28,12000,sem lead no Kommo,"sem match",,perdido,"sem vínculo",sim,""
"Nova Quali",follow_longo,2025-09-26,12000,sem lead no Kommo,"nome empresa (FRACO)",16186188,FILA MANUAL,"",nao,"FILA MANUAL — casou só por nome, confirmar antes de gravar"
"Metax",follow_longo,2025-10-24,12000,sem lead no Kommo,"sem match",,perdido,"sem vínculo",sim,""
"Madeirense",follow_longo,2025-11-26,12000,sem lead no Kommo,"sem match",,perdido,"sem vínculo",sim,""
"Central Point",follow_longo,2025-09-05,12000,sem lead no Kommo,"nome empresa (FRACO)",7235578,FILA MANUAL,"",nao,"FILA MANUAL — casou só por nome, confirmar antes de gravar"
"Andaimes Metax",follow_longo,2025-02-11,12000,sem lead no Kommo,"sem match",,perdido,"sem vínculo",sim,""
"Curadoria Ana Yajima",follow_longo,2026-03-27,10217,sem lead no Kommo,"nome empresa (FRACO)",22289583,FILA MANUAL,"",nao,"FILA MANUAL — casou só por nome, confirmar antes de gravar"
"Abuso Verbal",follow_longo,2025-10-22,10200,sem lead no Kommo,"sem match",,perdido,"sem vínculo",sim,""
"Lavinha Lavanderia",follow_longo,2025-10-24,10000,sem lead no Kommo,"nome empresa (FRACO)",7234876,FILA MANUAL,"",nao,"FILA MANUAL — casou só por nome, confirmar antes de gravar"
"H Santos",follow_longo,2025-04-30,9500,sem lead no Kommo,"nome empresa (FRACO)",7236466,FILA MANUAL,"",nao,"FILA MANUAL — casou só por nome, confirmar antes de gravar"
"Fernanda - Parceria",follow_longo,2025-06-30,9000,sem lead no Kommo,"sem match",,perdido,"sem vínculo",sim,""
"UVA",follow_longo,2025-01-15,8600,sem lead no Kommo,"sem match",,perdido,"sem vínculo",sim,""
"Poliedro",follow_longo,2026-02-09,8583,sem lead no Kommo,"nome empresa (FRACO)",20606896,FILA MANUAL,"",nao,"FILA MANUAL — casou só por nome, confirmar antes de gravar"
"Case BR",follow_longo,2025-07-22,8500,sem lead no Kommo,"nome empresa (FRACO)",13976530,FILA MANUAL,"",nao,"FILA MANUAL — casou só por nome, confirmar antes de gravar"
"S Cosméticos",follow_longo,2025-04-01,8500,sem lead no Kommo,"sem match",,perdido,"sem vínculo",sim,""
"Queveks",negociacao,2025-11-09,8004,sem lead no Kommo,"sem match",,perdido,"sem vínculo",sim,""
"Kaballah Uniformes",negociacao,2025-11-14,8000,sem lead no Kommo,"nome empresa (FRACO)",16420085,FILA MANUAL,"",nao,"FILA MANUAL — casou só por nome, confirmar antes de gravar"
"GRAND OCEAN BOATS",follow_longo,2026-06-15,8000,sem lead no Kommo,"telefone (forte)",19784197,FILA MANUAL,"",sim,"gravar lead_id e espelhar etapa do Kommo"
"Mondo Empreendimentos",follow_longo,2024-09-25,7617,sem lead no Kommo,"sem match",,perdido,"sem vínculo",sim,""
"Instituto da Visão",follow_longo,2025-05-29,7500,sem lead no Kommo,"sem match",,perdido,"sem vínculo",sim,""
"Clinica Dr. Paulo",follow_longo,2026-03-19,7500,sem lead no Kommo,"nome empresa (FRACO)",21868829,FILA MANUAL,"",nao,"FILA MANUAL — casou só por nome, confirmar antes de gravar"
"Autoforce",follow_longo,2025-04-02,7500,sem lead no Kommo,"sem match",,perdido,"sem vínculo",sim,""
"S Cosmeticos do Bem",negociacao,2025-11-26,7200,sem lead no Kommo,"nome empresa (FRACO)",7235540,FILA MANUAL,"",nao,"FILA MANUAL — casou só por nome, confirmar antes de gravar"
"Dreams Colchões",follow_longo,2025-09-25,7000,sem lead no Kommo,"sem match",,perdido,"sem vínculo",sim,""
"SunBrindes",follow_longo,2024-11-23,6890,sem lead no Kommo,"sem match",,perdido,"sem vínculo",sim,""
"Verde & Azul Urbanismo",negociacao,2026-05-13,6800,sem lead no Kommo,"telefone (forte)",10933369,baixa_prioridade,"",sim,"gravar lead_id e espelhar etapa do Kommo"
"EdexLab",follow_longo,2025-03-18,6500,sem lead no Kommo,"sem match",,perdido,"sem vínculo",sim,""
"Rei dos Motores",follow_longo,2026-03-30,6500,sem lead no Kommo,"nome empresa (FRACO)",17814730,FILA MANUAL,"",nao,"FILA MANUAL — casou só por nome, confirmar antes de gravar"
"Bella Casa & Okada",follow_longo,2025-02-11,6500,sem lead no Kommo,"sem match",,perdido,"sem vínculo",sim,""
"Inlab",follow_longo,2025-01-17,6244,sem lead no Kommo,"sem match",,perdido,"sem vínculo",sim,""
"Condor",follow_longo,2025-04-29,6200,sem lead no Kommo,"sem match",,perdido,"sem vínculo",sim,""
"Grupo Line",negociacao,2025-09-26,6160,sem lead no Kommo,"nome empresa (FRACO)",16310792,FILA MANUAL,"",nao,"FILA MANUAL — casou só por nome, confirmar antes de gravar"
"Santaconstancia",follow_longo,2026-02-20,6160,sem lead no Kommo,"nome empresa (FRACO)",21035256,FILA MANUAL,"",nao,"FILA MANUAL — casou só por nome, confirmar antes de gravar"
"Bep Energia",negociacao,2026-01-27,6110,sem lead no Kommo,"nome empresa (FRACO)",20490002,FILA MANUAL,"",nao,"FILA MANUAL — casou só por nome, confirmar antes de gravar"
"Monster Films",follow_longo,2025-07-28,6000,sem lead no Kommo,"nome empresa (FRACO)",14096504,FILA MANUAL,"",nao,"FILA MANUAL — casou só por nome, confirmar antes de gravar"
"Viva Construcoes",follow_longo,2025-10-13,6000,sem lead no Kommo,"sem match",,perdido,"sem vínculo",sim,""
"Kodak",follow_longo,2024-09-05,6000,sem lead no Kommo,"sem match",,perdido,"sem vínculo",sim,""
"Nagaura",follow_longo,2024-09-25,5977,sem lead no Kommo,"sem match",,perdido,"sem vínculo",sim,""
"Sólides",negociacao,2025-09-24,5899,sem lead no Kommo,"nome empresa (FRACO)",16133578,FILA MANUAL,"",nao,"FILA MANUAL — casou só por nome, confirmar antes de gravar"
"Conbral",follow_longo,2025-04-16,5839,sem lead no Kommo,"sem match",,perdido,"sem vínculo",sim,""
"RKL",follow_longo,2025-10-15,5800,sem lead no Kommo,"nome empresa (FRACO)",16871576,FILA MANUAL,"",nao,"FILA MANUAL — casou só por nome, confirmar antes de gravar"
"Bild",follow_longo,2025-03-08,5800,sem lead no Kommo,"sem match",,perdido,"sem vínculo",sim,""
"Equip",follow_longo,2024-10-01,5800,sem lead no Kommo,"sem match",,perdido,"sem vínculo",sim,""
"RVS Construções",follow_longo,2025-04-16,5680,sem lead no Kommo,"sem match",,perdido,"sem vínculo",sim,""
"Nacional Parts",follow_longo,2025-11-03,5680,sem lead no Kommo,"nome empresa (FRACO)",17513444,FILA MANUAL,"",nao,"FILA MANUAL — casou só por nome, confirmar antes de gravar"
"Granvia",follow_longo,2025-04-10,5570,sem lead no Kommo,"sem match",,perdido,"sem vínculo",sim,""
"PP Corp",follow_longo,2025-03-20,5570,sem lead no Kommo,"sem match",,perdido,"sem vínculo",sim,""
"Kyma",follow_longo,2025-03-21,5500,sem lead no Kommo,"sem match",,perdido,"sem vínculo",sim,""
"D1 Empreendimentos",follow_longo,2025-04-16,5500,sem lead no Kommo,"sem match",,perdido,"sem vínculo",sim,""
"Urbanus - TWA",follow_longo,2025-05-13,5500,sem lead no Kommo,"sem match",,perdido,"sem vínculo",sim,""
"Cora Brasil",follow_longo,2025-07-15,5500,sem lead no Kommo,"nome empresa (FRACO)",13725920,FILA MANUAL,"",nao,"FILA MANUAL — casou só por nome, confirmar antes de gravar"
"Gold Car",follow_longo,2025-07-07,5449,sem lead no Kommo,"sem match",,perdido,"sem vínculo",sim,""
"AI Visage",follow_longo,2026-02-09,5200,sem lead no Kommo,"nome empresa (FRACO)",21050336,FILA MANUAL,"",nao,"FILA MANUAL — casou só por nome, confirmar antes de gravar"
"Maxxmobi",follow_longo,2025-12-05,5000,sem lead no Kommo,"nome empresa (FRACO)",18732128,FILA MANUAL,"",nao,"FILA MANUAL — casou só por nome, confirmar antes de gravar"
"Jairo ( indicação)",follow_longo,2025-01-25,5000,sem lead no Kommo,"sem match",,perdido,"sem vínculo",sim,""
"Jayamu",follow_longo,2024-09-23,5000,sem lead no Kommo,"sem match",,perdido,"sem vínculo",sim,""
"Clinic Spot",follow_longo,2025-07-07,5000,sem lead no Kommo,"nome empresa (FRACO)",13349503,FILA MANUAL,"",nao,"FILA MANUAL — casou só por nome, confirmar antes de gravar"
"Sansão Log Rental",follow_longo,2026-03-09,5000,sem lead no Kommo,"nome empresa (FRACO)",21690289,FILA MANUAL,"",nao,"FILA MANUAL — casou só por nome, confirmar antes de gravar"
"Lebi",follow_longo,2025-04-07,5000,sem lead no Kommo,"sem match",,perdido,"sem vínculo",sim,""
"Solgera",follow_longo,2025-09-09,5000,sem lead no Kommo,"nome empresa (FRACO)",15672050,FILA MANUAL,"",nao,"FILA MANUAL — casou só por nome, confirmar antes de gravar"
"Aeromaxx",follow_longo,2025-07-03,4959,sem lead no Kommo,"sem match",,perdido,"sem vínculo",sim,""
"Unifamec",follow_longo,2026-01-07,4800,sem lead no Kommo,"nome empresa (FRACO)",19908555,FILA MANUAL,"",nao,"FILA MANUAL — casou só por nome, confirmar antes de gravar"
"Bike Xtreme",negociacao,2025-10-08,4800,sem lead no Kommo,"nome empresa (FRACO)",16574096,FILA MANUAL,"",nao,"FILA MANUAL — casou só por nome, confirmar antes de gravar"
"ELO Oftalmologista",follow_longo,2024-11-13,4685,sem lead no Kommo,"sem match",,perdido,"sem vínculo",sim,""
"Zivia Empreendimentos",follow_longo,2025-05-16,4550,sem lead no Kommo,"sem match",,perdido,"sem vínculo",sim,""
"Melly Empreenidmentos",follow_longo,2025-04-22,4500,sem lead no Kommo,"sem match",,perdido,"sem vínculo",sim,""
"Academia Elite",follow_longo,2025-02-05,4500,sem lead no Kommo,"sem match",,perdido,"sem vínculo",sim,""
"De Mateo & Farias",follow_longo,2025-09-30,4500,sem lead no Kommo,"sem match",,perdido,"sem vínculo",sim,""
"Imobiliaria Praiana",follow_longo,2025-02-17,4500,sem lead no Kommo,"nome empresa (FRACO)",7235222,FILA MANUAL,"",nao,"FILA MANUAL — casou só por nome, confirmar antes de gravar"
"A panelinha",negociacao,2026-03-11,4500,sem lead no Kommo,"nome empresa (FRACO)",21837659,FILA MANUAL,"",nao,"FILA MANUAL — casou só por nome, confirmar antes de gravar"
"Academia Cultura Física",follow_longo,2025-10-30,4500,sem lead no Kommo,"nome empresa (FRACO)",17514338,FILA MANUAL,"",nao,"FILA MANUAL — casou só por nome, confirmar antes de gravar"
"Pressure",negociacao,2025-11-28,4500,sem lead no Kommo,"nome empresa (FRACO)",16128792,FILA MANUAL,"",nao,"FILA MANUAL — casou só por nome, confirmar antes de gravar"
"MAFRE",negociacao,2025-10-21,4500,sem lead no Kommo,"sem match",,perdido,"sem vínculo",sim,""
"Grupo Taurus",follow_longo,2025-09-09,4500,sem lead no Kommo,"sem match",,perdido,"sem vínculo",sim,""
"Lorenzzo Industrial",follow_longo,2024-09-17,4351,sem lead no Kommo,"nome empresa (FRACO)",7233892,FILA MANUAL,"",nao,"FILA MANUAL — casou só por nome, confirmar antes de gravar"
"Z Incorporações",follow_longo,2024-09-03,4100,sem lead no Kommo,"sem match",,perdido,"sem vínculo",sim,""
"Tibério",follow_longo,2026-01-14,4066,sem lead no Kommo,"sem match",,perdido,"sem vínculo",sim,""
"M Santos",follow_longo,2025-05-02,4000,sem lead no Kommo,"sem match",,perdido,"sem vínculo",sim,""
"Raízes Imobiliária",follow_longo,2026-03-25,4000,sem lead no Kommo,"nome empresa (FRACO)",22453443,FILA MANUAL,"",nao,"FILA MANUAL — casou só por nome, confirmar antes de gravar"
"Hakim",follow_longo,2024-11-18,4000,sem lead no Kommo,"sem match",,perdido,"sem vínculo",sim,""
"Costa Araujo",follow_longo,2025-01-10,3987,sem lead no Kommo,"sem match",,perdido,"sem vínculo",sim,""
"Hamonir",follow_longo,2026-02-03,3961,sem lead no Kommo,"nome empresa (FRACO)",19016800,FILA MANUAL,"",nao,"FILA MANUAL — casou só por nome, confirmar antes de gravar"
"Mca Inteligencia",follow_longo,2025-01-14,3900,sem lead no Kommo,"sem match",,perdido,"sem vínculo",sim,""
"Wizard Francisco Beltrão",negociacao,2025-11-12,3850,sem lead no Kommo,"nome empresa (FRACO)",17817922,FILA MANUAL,"",nao,"FILA MANUAL — casou só por nome, confirmar antes de gravar"
"Wizard Cornelio Procopio",follow_longo,2025-11-12,3850,sem lead no Kommo,"sem match",,perdido,"sem vínculo",sim,""
"Wizard Marechal",negociacao,2025-11-12,3850,sem lead no Kommo,"sem match",,perdido,"sem vínculo",sim,""
"Wizard Foz",negociacao,2025-11-11,3850,sem lead no Kommo,"sem match",,perdido,"sem vínculo",sim,""
"Wizard Concórdia",follow_longo,2025-11-13,3850,sem lead no Kommo,"nome empresa (FRACO)",17817878,FILA MANUAL,"",nao,"FILA MANUAL — casou só por nome, confirmar antes de gravar"
"Andy Uniformes",follow_longo,2026-01-08,3700,sem lead no Kommo,"sem match",,perdido,"sem vínculo",sim,""
"Tie Break",follow_longo,2025-12-10,3500,sem lead no Kommo,"sem match",,perdido,"sem vínculo",sim,""
"Agante",follow_longo,2024-11-25,3500,sem lead no Kommo,"sem match",,perdido,"sem vínculo",sim,""
"Solufrigo",negociacao,2025-10-17,3500,sem lead no Kommo,"nome empresa (FRACO)",16961678,FILA MANUAL,"",nao,"FILA MANUAL — casou só por nome, confirmar antes de gravar"
"Geralds Burguer",follow_longo,2025-10-10,3500,sem lead no Kommo,"sem match",,perdido,"sem vínculo",sim,""
"Unnus",follow_longo,2025-04-25,3000,sem lead no Kommo,"sem match",,perdido,"sem vínculo",sim,""
"Luminus",negociacao,2026-04-15,2500,sem lead no Kommo,"sem match",,perdido,"sem vínculo",sim,""
"Bemol",follow_longo,2025-10-17,0,sem lead no Kommo,"nome empresa (FRACO)",15178148,FILA MANUAL,"",nao,"FILA MANUAL — casou só por nome, confirmar antes de gravar"
"RT Impreesões Digitais",follow_longo,2025-03-14,0,sem lead no Kommo,"sem match",,perdido,"sem vínculo",sim,""
"PHERCON CONSTRUTORA",follow_longo,2025-04-17,0,sem lead no Kommo,"sem match",,perdido,"sem vínculo",sim,""
"Koberlack",follow_longo,2026-01-21,0,sem lead no Kommo,"sem match",,perdido,"sem vínculo",sim,""
"Hacasa",follow_longo,2025-04-10,0,sem lead no Kommo,"sem match",,perdido,"sem vínculo",sim,""
"Skinão dos Moveis",follow_longo,2026-03-31,0,sem lead no Kommo,"sem match",,perdido,"sem vínculo",sim,""
"Egv",follow_longo,2025-04-07,0,sem lead no Kommo,"sem match",,perdido,"sem vínculo",sim,""
"DDBRITO",follow_longo,2025-05-08,0,sem lead no Kommo,"sem match",,perdido,"sem vínculo",sim,""
"BCN Global",negociacao,2026-05-18,0,sem lead no Kommo,"telefone (forte)",17964830,perdido,"",sim,"gravar lead_id e espelhar etapa do Kommo"
"Malus construtora",follow_longo,2026-02-23,0,sem lead no Kommo,"sem match",,perdido,"sem vínculo",sim,""
"Maquipeças",follow_longo,2026-02-27,0,sem lead no Kommo,"nome empresa (FRACO)",21506497,FILA MANUAL,"",nao,"FILA MANUAL — casou só por nome, confirmar antes de gravar"
"IVA AUTO PEÇAS",follow_longo,2025-04-02,0,sem lead no Kommo,"nome empresa (FRACO)",7235298,FILA MANUAL,"",nao,"FILA MANUAL — casou só por nome, confirmar antes de gravar"
"IMS Incorporadora",follow_longo,2025-09-09,0,sem lead no Kommo,"sem match",,perdido,"sem vínculo",sim,""
"Art & Concept Incorporadora LTDA",follow_longo,2026-06-26,0,sem lead no Kommo,"sem match",,perdido,"sem vínculo",sim,""
"MS Empreendimentos",follow_longo,2025-09-18,0,sem lead no Kommo,"nome empresa (FRACO)",15719370,FILA MANUAL,"",nao,"FILA MANUAL — casou só por nome, confirmar antes de gravar"
"CONSTRUTORA E INCORPORADORA J.A. RUSSI LTDA",follow_longo,2026-07-01,0,sem lead no Kommo,"cnpj (forte)",7235208,alta_prioridade,"",sim,"gravar lead_id e espelhar etapa do Kommo"
"P&J Atacadista",follow_longo,2026-03-17,0,sem lead no Kommo,"nome empresa (FRACO)",21835419,FILA MANUAL,"",nao,"FILA MANUAL — casou só por nome, confirmar antes de gravar"
"Giassi Construtora",follow_longo,2025-04-01,0,sem lead no Kommo,"sem match",,perdido,"sem vínculo",sim,""
"LCI - Aerovalle",follow_longo,2025-03-05,0,sem lead no Kommo,"sem match",,perdido,"sem vínculo",sim,""
"RDC",follow_longo,2025-02-28,0,sem lead no Kommo,"sem match",,perdido,"sem vínculo",sim,""
"Novo tempo Empreendimentos",follow_longo,2025-02-17,0,sem lead no Kommo,"sem match",,perdido,"sem vínculo",sim,""
"Forvis Mazars",follow_longo,2025-05-29,0,sem lead no Kommo,"sem match",,perdido,"sem vínculo",sim,""
"Cia Metalurgica Estampex",follow_longo,2025-06-13,0,sem lead no Kommo,"nome empresa (FRACO)",11115470,FILA MANUAL,"",nao,"FILA MANUAL — casou só por nome, confirmar antes de gravar"
"Constrac",follow_longo,2025-04-25,0,sem lead no Kommo,"sem match",,perdido,"sem vínculo",sim,""
"Remederi",follow_longo,2025-07-16,0,sem lead no Kommo,"nome empresa (FRACO)",13353123,FILA MANUAL,"",nao,"FILA MANUAL — casou só por nome, confirmar antes de gravar"
"Top Fritas",follow_longo,2026-03-24,0,sem lead no Kommo,"sem match",,perdido,"sem vínculo",sim,""
"Hospital Anchieta",follow_longo,2025-09-03,0,sem lead no Kommo,"nome empresa (FRACO)",15496650,FILA MANUAL,"",nao,"FILA MANUAL — casou só por nome, confirmar antes de gravar"
"Dr. Nivaldo Iunes",follow_longo,2026-02-18,0,sem lead no Kommo,"nome empresa (FRACO)",21128638,FILA MANUAL,"",nao,"FILA MANUAL — casou só por nome, confirmar antes de gravar"
"Procave",follow_longo,2025-08-13,0,sem lead no Kommo,"sem match",,perdido,"sem vínculo",sim,""
